Fund Name,P1,P2,P3,P4,P5,Topsis Score,Rank
M1,0.7,0.75,5.3,51.8,14.2,0.5113590866665724,4
M2,0.82,0.78,6.2,48.5,11.6,0.5242120066936051,3
M3,0.77,0.71,5.9,60.7,16.8,0.7039198858991208,1
M4,0.91,0.86,4.2,45.0,10.9,0.36626922514622634,8
M5,0.73,0.65,4.6,57.4,15.4,0.504522361207045,5
M6,0.85,0.81,6.6,39.2,10.1,0.47145139110227596,6
M7,0.93,0.89,3.7,46.8,12.5,0.41219552088828576,7
M8,0.8,0.74,6.1,49.9,13.6,0.5820127285736019,2
